Date,Location,Country
2019-05-28,Tyrol,Austria
2019-05-29,Tyrol,Austria
2019-05-30,Tyrol,Austria
2019-05-31,Tyrol,Austria
2019-06-01,Tyrol,Austria
2019-06-02,Tyrol,Austria
2019-06-03,Tyrol,Austria
2019-06-04,Tyrol,Austria
2019-06-05,Tyrol,Austria
2019-06-06,Tyrol,Austria
2019-06-07,Tyrol,Austria
2019-06-08,Tyrol,Austria
2019-06-09,Tyrol,Austria
2019-06-10,Tyrol,Austria
2019-06-11,Tyrol,Austria
2019-06-12,Tyrol,Austria
2019-06-13,Tyrol,Austria
2019-06-14,Tyrol,Austria
2019-06-15,Tyrol,Austria
2019-06-16,Tyrol,Austria
2019-06-17,Tyrol,Austria
2019-06-18,Tyrol,Austria
2019-06-19,Tyrol,Austria
2019-06-20,Tyrol,Austria
2019-06-21,Tyrol,Austria
2019-06-22,Tyrol,Austria
2019-06-23,Tyrol,Austria
2019-06-24,Tyrol,Austria
2019-06-25,Tyrol,Austria
2019-06-26,Tyrol,Austria
2019-06-27,Tyrol,Austria
2019-06-28,Tyrol,Austria
2019-06-29,Saxony,Germany
2019-06-30,Saxony,Germany
2019-07-01,Saxony,Germany
2019-07-02,Saxony,Germany
2019-07-03,Saxony,Germany
2019-07-04,Singapore,Singapore
2019-07-05,Singapore,Singapore
2019-07-06,Singapore,Singapore
2019-07-07,Singapore,Singapore
2019-07-08,Singapore,Singapore
2019-07-09,Singapore,Singapore
2019-07-10,Kuala Kumpur,Malaysia
2019-07-11,Kuala Kumpur,Malaysia
2019-07-12,Kuala Kumpur,Malaysia
2019-07-13,Kuala Kumpur,Malaysia
2019-07-14,Kuala Kumpur,Malaysia
2019-07-15,Kuala Kumpur,Malaysia
2019-07-16,Kuala Kumpur,Malaysia
2019-07-17,Kuala Kumpur,Malaysia
2019-07-18,Cameron Highlands,Malaysia
2019-07-19,Cameron Highlands,Malaysia
2019-07-20,Cameron Highlands,Malaysia
2019-07-21,Cameron Highlands,Malaysia
2019-07-22,George Town,Malaysia
2019-07-23,George Town,Malaysia
2019-07-24,George Town,Malaysia
2019-07-25,George Town,Malaysia
2019-07-26,George Town,Malaysia
2019-07-27,Langkawi,Malaysia
2019-07-28,Langkawi,Malaysia
2019-07-29,Langkawi,Malaysia
2019-07-30,Langkawi,Malaysia
2019-07-31,Langkawi,Malaysia
2019-08-01,Langkawi,Malaysia
2019-08-02,Langkawi,Malaysia
2019-08-03,Koh Lanta,Thailand
2019-08-04,Koh Lanta,Thailand
2019-08-05,Koh Lanta,Thailand
2019-08-06,Koh Lanta,Thailand
2019-08-07,Koh Lanta,Thailand
2019-08-08,Koh Lanta,Thailand
2019-08-09,Koh Lanta,Thailand
2019-08-10,Chiang Mai,Thailand
2019-08-11,Chiang Mai,Thailand
2019-08-12,Chiang Mai,Thailand
2019-08-13,Chiang Mai,Thailand
2019-08-14,Chiang Mai,Thailand
2019-08-15,Chiang Mai,Thailand
2019-08-16,Chiang Mai,Thailand
2019-08-17,Chiang Rai,Thailand
2019-08-18,Chiang Rai,Thailand
2019-08-19,Chiang Rai,Thailand
2019-08-20,Chiang Rai,Thailand
2019-08-21,Chiang Rai,Thailand
2019-08-22,Chiang Rai,Thailand
2019-08-23,Ayuttaya,Thailand
2019-08-24,Ayuttaya,Thailand
2019-08-25,Ayuttaya,Thailand
2019-08-26,Ayuttaya,Thailand
2019-08-27,Ayuttaya,Thailand
2019-08-28,Bangkok,Thailand
2019-08-29,Bangkok,Thailand
2019-08-30,Bangkok,Thailand
2019-08-31,Siem Reap,Cambodia
2019-09-01,Siem Reap,Cambodia
2019-09-02,Siem Reap,Cambodia
2019-09-03,Siem Reap,Cambodia
2019-09-04,Siem Reap,Cambodia